,Cloudiness,Country,Date,Humidity,Latitude,Longitude,Maximum Temperature,Wind Speed
0,0,PY,1583382523,34,-23.49,-58.8,24.42,1.97
1,67,BR,1583382265,69,-30.18,-50.21,22.11,5.23
2,40,JP,1583382524,52,33.36,129.55,10.0,6.7
3,69,TM,1583382524,64,37.5,61.97,2.0,3.1
4,90,US,1583382524,86,42.1,-79.24,1.11,4.6
5,60,MZ,1583382524,97,-16.23,39.91,22.61,3.17
6,100,PF,1583382524,71,-16.48,-151.75,28.09,2.77
7,90,US,1583382437,74,21.32,-158.01,26.0,3.6
8,100,KI,1583382524,79,3.07,172.79,28.37,7.9
9,100,SE,1583382525,85,67.86,20.23,-12.0,1.5
10,0,SY,1583382525,69,35.3,37.18,10.78,3.43
11,20,TH,1583382525,55,7.92,98.33,32.0,4.1
12,100,AU,1583382525,28,-33.65,115.33,29.44,2.5
13,66,PF,1583382525,73,-23.12,-134.97,25.29,8.84
14,20,PT,1583382525,71,37.73,-25.67,13.89,3.1
15,90,RO,1583382525,87,46.43,26.4,6.11,6.2
16,100,FO,1583382525,70,62.16,-7.17,2.0,4.1
17,100,GL,1583382526,100,77.48,-69.36,-27.03,0.34
18,0,NZ,1583382526,62,-46.19,168.86,17.22,3.13
19,3,BR,1583382486,97,-24.79,-50.01,14.5,2.62
20,0,CV,1583382526,61,14.9,-24.5,22.95,7.99
21,75,AU,1583382526,93,-42.78,147.06,18.89,1.0
22,72,AU,1583382526,89,-38.27,141.97,16.73,6.31
23,90,AR,1583382478,93,-38.0,-57.56,20.56,2.6
24,75,US,1583382513,75,41.37,-73.41,8.0,4.1
25,40,VU,1583382527,79,-13.88,167.55,32.0,3.1
26,0,IR,1583382527,52,28.22,61.22,5.47,8.42
27,100,PF,1583382527,80,-22.43,-151.33,25.35,2.97
28,100,CM,1583382527,87,2.95,9.92,26.12,2.03
29,90,US,1583382527,100,40.6,-124.16,9.44,0.89
30,90,US,1583382527,64,42.6,-73.97,4.0,4.1
31,49,BR,1583382528,80,-8.9,-35.15,28.27,4.52
32,86,ID,1583382528,77,1.74,98.78,28.06,0.62
33,40,AR,1583382414,76,-54.8,-68.3,12.0,1.5
34,100,RU,1583382528,89,58.84,125.49,-10.1,3.3
35,90,US,1583382289,100,34.53,-82.65,12.0,3.98
36,0,PF,1583382528,65,-9.8,-139.03,27.43,4.09
37,11,ZA,1583382528,77,-33.92,25.57,21.0,6.7
38,46,GL,1583382491,63,69.22,-51.1,-24.0,1.0
39,100,GL,1583382529,77,72.79,-56.15,-23.98,2.77
40,90,CL,1583382529,100,-41.87,-73.82,15.0,1.5
41,100,ZM,1583382529,96,-12.29,33.18,16.33,2.29
42,100,IS,1583382529,58,64.25,-15.21,2.29,2.03
43,1,US,1583382529,38,37.68,-113.06,6.0,2.1
44,0,AU,1583382529,65,-24.87,113.63,28.0,6.2
45,90,CA,1583382530,86,50.7,-127.42,4.0,10.8
46,100,AU,1583382530,28,-33.87,121.9,29.0,3.1
47,0,ZA,1583382530,88,-33.01,17.94,19.0,4.1
48,1,US,1583382531,72,37.33,-87.5,9.44,2.6
49,75,TO,1583382482,70,-21.2,-175.2,29.0,3.6
50,0,NZ,1583382531,62,-46.6,168.33,17.22,3.13
51,1,US,1583382531,90,71.29,-156.79,-37.0,3.1
52,100,PG,1583382531,82,-9.08,143.21,29.91,1.14
53,100,CA,1583382531,88,48.65,-53.11,1.08,15.56
54,40,ZA,1583382531,93,-33.93,18.42,19.44,6.7
55,92,EG,1583382532,87,31.22,29.96,14.0,1.5
56,0,BR,1583382532,88,-19.77,-43.85,21.0,1.0
57,100,BR,1583382532,93,-5.4,-40.31,22.8,2.73
58,100,ID,1583382532,86,-3.8,102.27,24.16,1.24
59,100,MV,1583382532,75,-0.6,73.08,28.37,4.6
60,12,ZA,1583382532,93,-34.42,19.23,18.33,2.57
61,28,AF,1583382444,48,30.15,62.6,8.46,11.5
62,90,US,1583382532,78,19.73,-155.09,23.33,2.1
63,44,MZ,1583382533,98,-16.84,36.99,19.74,2.25
64,0,RU,1583382533,69,63.05,179.32,-14.04,0.25
65,14,PT,1583382533,72,38.52,-28.7,12.52,4.31
66,40,RU,1583382533,72,64.38,-173.3,-12.0,1.8
67,31,AU,1583382533,61,-28.77,114.6,28.0,8.7
68,100,RU,1583382533,75,68.75,161.3,-12.29,7.59
69,75,AU,1583382457,93,-42.88,147.33,18.89,1.0
70,20,US,1583382534,40,39.41,-74.36,11.11,1.5
71,100,ID,1583382534,72,-8.19,114.97,28.61,3.48
72,40,RU,1583382534,76,69.49,88.4,-23.0,9.0
73,0,AU,1583382534,56,-20.32,118.57,35.0,4.1
74,95,RU,1583382534,93,54.37,92.14,-8.57,1.76
75,100,NO,1583382534,97,67.67,12.69,0.52,2.91
76,90,US,1583382535,87,36.62,-121.92,15.0,3.1
77,0,CN,1583382535,25,37.18,119.93,4.01,4.36
78,46,GL,1583382535,63,68.82,-51.19,-24.0,1.0
79,0,LY,1583382535,35,26.59,12.78,12.4,2.89
80,0,ZA,1583382535,83,-33.02,27.91,21.0,2.6
81,40,HK,1583382535,72,22.29,114.16,21.67,5.7
82,75,PE,1583382535,83,-13.7,-76.22,22.22,6.7
83,75,CA,1583382536,73,55.3,-123.17,-7.0,1.0
84,77,RU,1583382536,97,71.92,114.08,-20.91,1.56
85,0,RU,1583382536,80,70.63,147.92,-21.89,1.5
86,0,BS,1583382536,89,24.9,-76.2,23.65,6.5
87,20,BB,1583382536,69,13.22,-59.52,26.0,7.2
88,67,BR,1583382536,84,-22.97,-42.03,24.07,6.61
89,75,MX,1583382443,72,22.89,-109.91,18.33,2.49
90,0,RU,1583382536,92,67.68,53.15,-13.16,3.65
91,75,PT,1583382537,72,32.67,-17.1,17.0,1.5
92,100,CL,1583382293,71,-53.15,-70.92,13.0,3.1
93,5,MX,1583382537,58,21.28,-89.67,29.0,5.1
94,90,CA,1583382537,74,69.45,-133.04,-31.0,7.7
95,14,CN,1583382537,26,40.09,113.29,1.31,1.19
96,2,PT,1583382537,68,39.05,-27.98,14.82,5.95
97,90,CA,1583382373,72,55.74,-97.86,-8.0,1.5
98,94,BR,1583382538,98,-9.88,-56.09,22.91,1.28
99,90,RU,1583382538,86,59.78,30.82,5.0,4.0
100,0,BD,1583382538,44,22.2,92.23,26.61,2.72
101,92,BR,1583382538,99,-21.73,-43.06,22.22,0.89
102,0,AU,1583382538,19,-25.24,130.99,30.0,4.6
103,100,AR,1583382344,78,-43.3,-65.1,20.33,1.24
104,100,RU,1583382538,92,65.61,72.68,-17.82,12.31
105,100,PG,1583382539,63,-6.02,144.97,20.23,1.45
106,85,PH,1583382539,60,12.12,119.85,29.8,1.07
107,20,CA,1583382539,69,62.46,-114.35,-23.89,2.1
108,75,IT,1583382539,76,39.17,8.52,11.0,2.6
109,0,ZA,1583382539,80,-33.59,26.89,21.67,2.68
110,40,PG,1583382319,74,-9.44,147.18,31.0,4.1
111,0,CL,1583382539,87,-45.58,-72.07,12.0,2.1
112,100,ID,1583382416,75,4.14,96.13,28.74,4.79
113,75,AU,1583382540,50,-23.7,133.88,25.0,4.6
114,20,BR,1583382540,100,-27.61,-48.5,22.22,3.1
115,99,RU,1583382540,98,71.97,102.5,-23.59,4.88
116,42,SS,1583382540,17,7.7,28.0,22.62,2.37
117,0,GL,1583382455,58,60.14,-45.24,-5.79,2.94
118,0,CN,1583382541,44,31.81,121.66,10.0,0.89
119,1,US,1583382541,52,57.79,-152.41,-8.0,7.2
120,1,CK,1583382541,79,-21.21,-159.78,29.0,3.1
121,40,MU,1583382541,94,-20.52,57.52,27.22,3.1
122,0,NZ,1583382541,70,-46.28,169.85,11.82,3.94
123,0,CN,1583382541,59,47.87,88.12,-9.31,1.15
124,4,MG,1583382541,81,-25.17,45.05,20.46,6.67
125,0,ZA,1583382542,73,-34.05,23.37,19.87,2.09
126,40,MZ,1583382542,78,-23.86,35.38,22.0,2.1
127,100,RU,1583382542,92,57.02,82.07,-3.5,3.89
128,100,RU,1583382542,84,60.38,92.63,-4.89,4.83
129,20,PT,1583382542,82,33.08,-16.33,17.0,3.6
130,78,PG,1583382542,64,-2.57,150.8,29.57,2.82
131,61,EC,1583382543,100,-0.74,-90.35,25.56,0.34
132,0,RU,1583382543,66,69.7,170.31,-16.48,3.79
133,0,LY,1583382543,76,31.45,12.98,8.5,5.05
134,0,BO,1583382543,69,-17.78,-57.77,22.31,1.04
135,20,PT,1583382297,71,37.72,-25.43,13.89,3.1
136,92,UA,1583382543,78,51.0,32.0,8.82,4.72
137,0,GL,1583382543,50,60.92,-46.05,-14.0,1.5
138,100,ID,1583382544,85,-7.75,112.01,24.57,0.22
139,40,AU,1583382544,49,-15.77,128.73,32.0,4.1
140,20,LV,1583382544,93,57.0,24.08,3.0,2.6
141,100,ZA,1583382544,82,-34.53,20.04,20.0,1.5
142,83,NO,1583382544,72,70.98,25.97,-8.0,10.3
143,0,NA,1583382544,88,-22.96,14.51,20.56,3.1
144,0,RU,1583382544,74,68.53,146.42,-17.64,1.63
145,20,BR,1583382545,88,-7.47,-34.81,26.0,1.0
146,40,BG,1583382545,76,42.1,27.95,12.0,2.1
147,0,RU,1583382545,79,62.88,152.43,-15.59,5.93
148,100,FR,1583382545,93,48.58,-4.0,12.0,8.2
149,1,US,1583382322,56,39.18,-84.53,6.67,4.1
150,90,AU,1583382545,58,-25.3,152.85,32.22,5.7
151,40,RE,1583382545,83,-21.36,55.77,30.0,0.3
152,97,GB,1583382546,93,60.4,-1.35,5.0,4.6
153,75,CA,1583382545,85,55.1,-105.28,-6.0,2.1
154,100,RU,1583382546,95,53.07,105.51,-6.92,2.63
155,1,US,1583382546,58,38.42,-121.42,18.33,1.69
156,1,US,1583382546,57,38.89,-76.51,11.67,4.18
157,1,US,1583382546,64,42.08,-72.03,6.11,6.7
158,98,RU,1583382547,90,47.15,134.34,-5.93,3.69
159,90,RU,1583382547,86,59.7,30.79,5.0,4.0
160,84,GH,1583382547,94,4.88,-1.76,25.65,1.54
161,1,US,1583382547,81,35.36,-86.21,12.0,2.1
162,10,NZ,1583382547,46,-39.48,175.67,18.72,3.14
163,0,EG,1583382547,14,26.77,31.5,16.0,2.1
164,0,NE,1583382547,7,14.32,2.09,23.88,4.0
165,99,NO,1583382548,73,70.37,31.11,-6.0,7.7
166,90,US,1583382548,64,58.3,-134.42,2.22,5.7
167,75,AL,1583382548,46,42.36,20.08,10.0,5.1
168,85,VN,1583382548,89,22.83,104.98,13.21,1.96
169,49,BR,1583382548,80,-9.01,-35.22,28.27,4.52
170,100,ID,1583382548,94,-0.03,109.33,23.58,0.4
171,3,TD,1583382548,9,13.64,16.49,26.32,4.97
172,75,CA,1583382548,69,65.28,-126.83,-25.0,2.6
173,20,NP,1583382549,59,27.72,85.32,16.0,2.1
174,75,US,1583382446,73,22.08,-159.32,26.0,1.38
175,40,MU,1583382549,94,-20.34,57.76,27.78,3.1
176,20,MY,1583382549,74,5.41,100.34,32.0,3.1
177,0,CA,1583382549,65,44.62,-65.77,3.89,9.83
178,95,BR,1583382549,91,-3.38,-57.72,24.66,0.98
179,1,US,1583382549,37,35.15,-107.85,1.0,3.1
180,34,LY,1583382550,64,31.21,16.59,12.78,9.28
181,100,BR,1583382550,95,-3.28,-39.27,23.4,0.94
182,0,YE,1583382550,72,15.17,44.32,9.72,0.32
183,5,MX,1583382550,83,15.74,-96.47,27.0,1.5
184,8,IN,1583382550,75,11.67,92.75,27.04,4.28
185,77,MX,1583382550,71,23.17,-97.95,21.67,1.34
186,90,US,1583382550,86,42.25,-75.83,2.78,4.6
187,100,NO,1583382551,66,68.56,14.91,0.0,2.68
188,40,JP,1583382551,41,34.67,138.95,15.0,4.6
189,64,PH,1583382551,47,10.38,119.46,31.49,3.05
190,100,RU,1583382551,97,57.02,28.91,6.05,1.99
191,57,UA,1583382551,62,45.4,34.76,9.83,5.75
192,46,MX,1583382551,94,20.22,-96.78,21.42,1.43
193,0,UY,1583382551,81,-33.7,-53.46,18.76,3.35
194,20,BR,1583382552,88,-3.74,-38.65,26.0,1.5
195,3,MM,1583382552,47,16.28,95.68,28.76,2.93
196,40,CA,1583382552,84,47.67,-52.73,3.33,11.8
197,100,BR,1583382289,97,-0.13,-67.09,24.09,0.91
198,89,NZ,1583382552,65,-36.83,175.7,23.89,2.24
199,20,IN,1583382488,74,19.8,85.85,26.0,1.5
200,33,PE,1583382552,89,-5.23,-75.68,24.27,0.74
201,0,CN,1583382552,44,42.27,118.96,-2.81,6.29
202,100,ID,1583382553,90,-7.95,110.28,22.91,2.9
203,0,PK,1583382553,29,25.26,63.47,18.47,14.81
204,0,MR,1583382458,51,18.09,-15.98,17.0,3.1
205,100,ID,1583382553,90,-3.37,135.48,25.32,0.81
206,24,LK,1583382553,74,5.97,80.42,26.71,2.61
207,100,GA,1583382553,79,-0.72,8.78,27.91,3.82
208,62,CD,1583382553,97,-7.3,27.42,19.49,0.93
209,40,IN,1583382553,70,10.57,72.64,29.0,2.1
210,0,CN,1583382554,53,32.9,115.82,9.77,5.95
211,1,US,1583382554,44,43.13,-115.69,7.78,1.65
212,0,SO,1583382359,64,9.49,50.81,25.21,3.13
213,0,MX,1583382554,62,29.05,-109.23,10.4,1.35
214,100,BR,1583382554,84,-17.71,-39.25,27.53,7.65
215,100,ES,1583382554,82,43.21,-8.69,13.33,5.1
216,0,DM,1583382555,75,15.25,-61.38,25.77,9.32
217,75,PW,1583382555,79,7.04,134.26,29.0,5.1
218,33,RU,1583382555,81,68.05,39.51,-12.12,5.72
219,0,ZA,1583382556,68,-29.66,17.89,18.28,1.15
220,20,PT,1583382556,71,37.8,-25.58,13.89,3.1
221,49,BR,1583382556,80,-8.76,-35.1,28.27,4.52
222,85,PG,1583382556,72,-6.22,155.63,29.46,2.18
223,75,AU,1583382556,94,-31.43,152.92,24.44,5.1
224,89,TR,1583382556,50,40.17,34.84,5.63,2.3
225,87,RU,1583382556,96,51.23,47.52,1.05,2.64
226,100,GA,1583382557,93,-1.57,9.26,24.44,0.88
227,0,AR,1583382557,68,-32.95,-60.64,23.89,3.1
228,90,US,1583382523,69,57.05,-135.33,3.0,6.7
229,0,NZ,1583382557,48,-45.42,167.72,12.46,1.04
230,0,BR,1583382310,81,-32.03,-52.1,18.33,5.26
231,100,RU,1583382557,94,73.51,80.55,-23.96,8.59
232,28,BR,1583382557,96,-8.16,-70.77,23.05,0.76
233,94,CN,1583382557,77,23.24,111.53,16.33,1.91
234,100,RU,1583382558,78,50.68,156.12,-2.93,1.13
235,33,LY,1583382558,68,29.11,21.29,14.22,8.14
236,88,BR,1583382558,97,-1.83,-44.87,23.1,0.78
237,12,PH,1583382558,51,17.21,120.41,30.05,3.75
238,67,ET,1583382558,77,7.13,40.7,15.27,1.09
239,0,MR,1583382558,8,20.5,-10.07,20.59,2.16
240,100,RU,1583382558,57,44.5,38.14,12.89,2.21
241,90,CA,1583382559,68,68.22,-135.01,-28.0,3.6
242,100,CA,1583382559,96,66.15,-65.71,-13.25,0.34
243,75,AU,1583382559,100,-34.58,150.86,21.67,4.1
244,0,UY,1583382559,42,-30.28,-57.6,22.84,3.98
245,62,GL,1583382559,73,65.61,-37.64,-6.0,2.1
246,100,RU,1583382559,87,59.7,150.17,-12.56,1.73
247,0,LS,1583382559,67,-29.29,29.07,8.2,3.2
248,24,LK,1583382560,74,5.95,80.54,26.71,2.61
249,51,RU,1583382560,80,51.02,116.52,-10.47,1.04
250,0,IT,1583382560,65,42.81,10.31,6.67,2.1
251,75,AU,1583382560,58,-26.8,153.13,29.0,6.7
252,60,RE,1583382560,83,-21.34,55.48,30.0,1.42
253,100,RU,1583382560,82,71.69,128.87,-16.61,5.91
254,95,KZ,1583382560,91,52.45,64.63,-7.35,2.36
255,20,PH,1583382561,66,14.31,121.11,31.67,3.6
256,73,RU,1583382561,61,46.41,37.96,9.74,4.41
257,90,CA,1583382561,94,47.79,-64.94,0.56,5.1
258,100,RU,1583382561,94,61.95,159.23,-11.02,4.0
259,0,ZA,1583382561,72,-28.78,32.04,23.79,10.14
260,100,RU,1583382562,92,53.69,88.06,-5.23,4.3
261,1,AO,1583382562,98,-10.71,22.22,16.97,0.44
262,100,PH,1583382562,78,12.45,125.29,27.95,4.06
263,100,NU,1583382562,74,-19.06,-169.92,28.0,4.1
264,0,GW,1583382562,65,11.28,-15.83,27.07,2.1
265,20,GD,1583382562,74,12.06,-61.75,27.0,9.3
266,0,NC,1583382563,76,-22.67,167.48,27.01,5.34
267,42,BR,1583382471,90,-17.57,-52.55,19.26,1.13
268,53,RU,1583382563,89,62.0,132.43,-14.63,3.0
269,56,BR,1583382563,90,-9.17,-60.63,22.74,0.4
270,33,PK,1583382563,77,32.22,70.38,14.91,4.76
271,75,GB,1583382351,100,51.02,-3.1,6.11,5.1
272,32,MN,1583382564,93,49.98,92.07,-15.78,0.8
273,5,MX,1583382292,78,16.86,-99.89,27.0,2.6
274,75,BR,1583382564,100,-3.1,-60.02,26.0,1.0
275,75,US,1583382564,87,34.64,-120.46,14.0,1.5
276,0,YE,1583382537,84,12.78,45.04,22.96,2.06
277,89,TM,1583382564,52,41.19,61.4,2.54,3.09
278,100,PH,1583382564,65,6.62,124.65,27.67,2.5
279,31,RU,1583382565,95,64.9,45.76,-13.58,1.68
280,0,IN,1583382565,73,11.98,76.42,25.0,1.5
281,2,CO,1583382565,86,2.18,-73.78,23.93,1.24
282,1,US,1583382457,46,37.1,-113.58,13.33,1.5
283,99,NO,1583382565,49,71.0,24.66,-4.0,15.4
284,0,CA,1583382565,74,55.07,-117.29,-4.41,3.87
285,3,AR,1583382565,78,-23.81,-64.79,23.33,0.89
286,89,RU,1583382545,56,69.38,178.42,-15.63,0.21
287,35,BR,1583382333,88,-9.67,-35.74,26.0,2.6
288,92,DK,1583382566,91,57.08,9.27,1.67,1.79
289,0,IR,1583382566,42,29.6,52.54,7.0,1.0
290,0,ZA,1583382566,75,-34.0,24.73,18.97,2.28
291,0,QA,1583382402,63,25.29,51.53,18.0,2.1
292,100,UG,1583382566,89,-0.08,31.46,18.18,1.85
293,0,NA,1583382566,77,-26.65,15.16,21.0,1.0
294,75,MY,1583382567,88,2.3,111.82,26.0,1.0
295,0,GL,1583382567,66,64.18,-51.72,-9.0,7.7
296,0,CL,1583382567,90,-25.4,-70.48,14.71,0.13
297,14,RU,1583382567,73,68.05,166.44,-15.9,0.46
298,40,IT,1583382567,86,45.75,11.66,6.11,0.42
299,100,MV,1583382567,70,2.67,72.89,28.28,3.87
300,18,AO,1583382422,76,-15.2,12.15,23.72,6.21
301,90,CA,1583382356,73,48.4,-89.32,-3.33,5.7
302,86,KH,1583382568,45,13.49,106.98,31.14,3.16
303,44,PE,1583382568,98,-12.12,-73.0,21.11,0.4
304,0,NA,1583382568,60,-26.58,18.13,23.0,5.7
305,75,PH,1583382568,44,12.66,120.89,32.19,3.4
306,100,RU,1583382568,89,66.83,70.83,-18.19,11.69
307,100,VN,1583382569,77,19.8,105.77,17.42,3.58
308,0,MA,1583382569,63,35.17,-2.93,17.0,5.7
309,20,US,1583382569,74,21.35,-158.09,26.0,6.7
310,90,US,1583382436,100,55.34,-131.65,2.0,12.9
311,61,BR,1583382569,78,-1.2,-46.02,27.15,6.67
312,100,CN,1583382569,91,31.77,104.72,5.19,1.61
313,79,PH,1583382570,56,9.19,117.81,29.32,2.63
314,0,RU,1583382570,87,61.92,63.02,-12.75,4.76
315,81,RU,1583382570,97,54.48,53.47,-5.19,2.5
316,90,CA,1583382570,97,50.23,-63.6,0.0,6.7
317,0,CN,1583382570,32,38.72,112.76,3.3,0.98
318,15,MZ,1583382570,97,-24.53,32.98,19.24,1.56
319,90,US,1583382467,92,44.83,-106.92,-0.56,6.7
320,100,LK,1583382570,68,7.42,81.82,26.87,3.18
321,85,RU,1583382571,85,64.92,77.78,-13.89,3.93
322,71,RU,1583382571,95,52.51,52.07,-2.66,1.83
323,40,MU,1583382571,94,-20.41,57.7,27.78,3.1
324,100,RU,1583382571,93,57.84,108.35,-8.57,2.8
325,0,BR,1583382571,95,-24.57,-51.33,15.99,0.77
326,75,SJ,1583382572,67,78.22,15.64,-6.0,1.0
327,34,AO,1583382572,97,-8.19,15.38,16.6,0.87
328,75,ES,1583382572,77,28.66,-17.92,19.0,6.7
329,20,IN,1583382572,62,14.42,78.23,31.0,1.0
330,100,ID,1583382572,93,-3.75,103.64,19.99,1.91
331,14,BR,1583382572,83,-9.93,-36.48,25.63,3.57
332,75,LK,1583382572,83,6.12,81.12,28.0,1.5
333,40,ZA,1583382572,93,-34.15,19.02,19.44,6.7
334,61,CL,1583382573,71,-37.62,-73.65,17.19,4.56
335,20,MY,1583382573,74,4.48,118.61,30.0,4.6
336,100,SB,1583382573,64,-8.14,159.59,31.88,1.01
337,49,PH,1583382573,68,11.0,122.67,29.33,6.76
338,77,CM,1583382573,97,2.97,11.52,20.79,0.58
339,40,MU,1583382573,94,-20.21,57.76,27.78,3.1
340,84,GH,1583382573,94,4.87,-2.24,25.65,1.54
341,100,CA,1583382574,94,51.23,-58.65,-0.32,13.63
342,100,IS,1583382574,91,66.04,-17.34,-16.0,2.1
343,90,FR,1583382574,87,46.95,4.3,8.0,2.6
344,100,AR,1583382574,43,-40.81,-63.0,25.66,7.21
345,90,NL,1583382575,93,52.96,4.76,6.0,3.1
346,100,KE,1583382576,51,3.12,35.6,27.54,4.93
347,75,XK,1583382576,90,42.78,20.49,4.0,0.5
348,63,TL,1583382576,73,-8.93,125.41,26.05,2.0
349,100,ID,1583382576,89,-0.32,102.35,27.11,1.74
350,20,BR,1583382546,88,-3.9,-38.39,26.0,1.5
351,83,IN,1583382576,58,25.52,90.22,22.91,1.82
352,91,LR,1583382576,87,6.3,-10.8,26.81,1.96
353,40,AR,1583382328,37,-38.95,-68.06,30.0,2.1
354,90,US,1583382576,82,64.84,-147.72,-25.0,0.64
355,1,US,1583382558,26,36.73,-108.22,8.0,2.6
356,75,IS,1583382577,80,63.84,-22.43,-1.0,6.2
357,47,RU,1583382577,91,59.06,80.86,-10.95,4.78
358,82,ET,1583382578,56,11.74,41.09,23.32,1.91
359,40,GF,1583382578,74,4.93,-52.33,27.0,3.1
360,4,TR,1583382578,81,36.96,36.2,14.0,2.6
361,75,JP,1583382578,25,35.13,140.3,13.33,14.4
362,75,JP,1583382578,58,28.37,129.48,15.0,7.7
363,40,US,1583382440,82,29.5,-98.62,14.0,9.3
364,100,ID,1583382578,87,-8.47,140.33,27.97,1.88
365,100,MX,1583382579,83,19.22,-104.7,23.11,6.18
366,75,MX,1583382329,78,15.15,-92.47,27.0,2.6
367,20,TZ,1583382579,93,-4.83,29.66,19.0,2.41
368,75,IS,1583382579,80,63.98,-22.39,-1.0,6.2
369,0,RU,1583382579,92,65.58,-171.0,-16.88,1.95
370,7,RU,1583382579,94,66.32,-179.17,-21.54,2.13
371,1,US,1583382580,73,44.25,-85.4,-4.0,2.79
372,1,US,1583382580,44,35.17,-103.72,4.0,3.6
373,75,CA,1583382538,90,54.78,-127.17,0.0,5.1
374,87,ID,1583382580,60,-3.54,118.97,30.93,3.11
375,0,CN,1583382580,63,29.96,122.3,7.77,6.9
376,75,VN,1583382528,77,21.31,105.6,17.0,4.1
377,75,UA,1583382580,100,48.68,24.41,1.0,3.0
378,0,KZ,1583382581,47,44.16,80.0,6.69,1.83
379,58,RU,1583382581,95,62.23,45.0,-11.88,2.75
380,1,US,1583382581,79,41.53,-87.42,2.78,1.25
381,5,MX,1583382581,83,15.85,-97.07,27.0,1.5
382,90,AU,1583382501,64,-37.83,140.77,20.0,5.1
383,100,NZ,1583382581,100,-35.1,173.78,21.11,0.89
384,0,AR,1583382581,78,-34.65,-58.62,25.56,2.1
385,100,PL,1583382582,88,54.13,20.58,1.18,2.7
386,91,CN,1583382582,31,40.28,97.2,4.67,2.53
387,75,JP,1583382582,80,39.27,141.88,4.0,5.7
388,75,GB,1583382582,100,51.06,-0.33,6.11,4.1
389,40,BR,1583382582,78,-16.57,-39.57,27.0,1.5
390,100,BY,1583382582,88,52.63,29.73,7.05,3.95
391,40,RU,1583382582,76,69.41,86.18,-23.0,9.0
392,0,TC,1583382557,81,21.46,-71.14,25.42,9.22
393,40,AO,1583382583,88,-8.84,13.23,25.0,1.5
394,90,AU,1583382583,100,-32.59,149.59,19.0,3.1
395,40,GR,1583382583,93,39.06,26.55,12.0,4.1
396,1,US,1583382471,64,40.82,-82.27,3.0,4.1
397,0,NE,1583382583,8,18.74,7.39,20.31,2.27
398,100,TR,1583382583,69,38.17,32.5,4.0,1.5
399,100,PH,1583382584,83,11.14,123.72,26.69,6.99
400,75,NO,1583382584,100,63.73,8.83,-0.56,4.1
401,100,RU,1583382584,87,54.05,122.9,-10.33,1.68
402,0,IR,1583382584,69,36.07,49.7,3.0,2.1
403,100,AU,1583382584,61,-34.73,135.87,17.88,4.87
404,9,SD,1583382584,9,13.6,26.69,20.95,3.91
405,97,PG,1583382585,68,-2.02,147.27,29.34,3.93
406,100,CA,1583382585,99,60.75,-137.51,-20.89,4.56
407,88,CA,1583382585,97,47.84,-83.4,-9.79,2.32
408,100,CN,1583382585,42,42.8,93.45,4.9,5.2
409,83,RU,1583382585,92,50.48,46.48,1.37,3.63
410,75,PF,1583382585,66,-17.53,-149.33,30.0,1.5
411,83,PH,1583382585,87,8.0,124.29,26.11,2.68
412,99,ID,1583382586,83,-4.94,122.53,27.83,2.49
413,6,TD,1583382586,16,11.03,20.28,23.26,2.12
414,0,NZ,1583382586,62,-46.13,167.68,17.22,3.13
415,90,CA,1583382586,74,54.32,-130.32,3.0,8.2
416,3,MX,1583382586,90,28.47,-107.3,-1.11,1.34
417,100,IS,1583382586,59,63.44,-20.27,2.95,2.56
418,100,FO,1583382586,64,62.23,-6.59,2.0,4.1
419,100,RU,1583382586,77,51.62,114.35,-8.18,1.27
420,90,RU,1583382587,86,59.62,30.39,5.0,4.0
421,75,SO,1583382482,74,2.04,45.34,26.0,2.6
422,75,CA,1583382587,56,58.81,-122.7,-11.0,1.0
423,1,MX,1583382587,57,31.33,-109.95,10.0,2.6
424,20,BR,1583382587,94,-5.2,-35.46,25.0,2.1
425,40,SY,1583382587,86,36.53,37.95,4.0,2.1
426,0,PY,1583382587,53,-25.33,-57.53,25.0,2.6
427,45,RU,1583382588,96,65.99,57.53,-14.96,5.11
428,100,CA,1583382377,85,54.23,-125.75,-4.57,2.26
429,0,CD,1583382588,91,-6.42,20.8,20.2,0.84
430,91,CA,1583382588,8,46.68,-73.92,-2.78,4.51
431,100,NO,1583382588,80,64.86,11.24,-1.83,9.14
432,73,ZW,1583382588,90,-21.05,31.67,18.11,1.86
433,90,FR,1583382589,87,46.42,3.91,8.0,2.6
434,33,CO,1583382589,80,11.78,-72.44,25.71,9.01
435,40,MY,1583382477,74,1.55,110.33,29.0,1.0
436,6,DO,1583382589,70,18.04,-71.74,20.42,2.74
437,75,US,1583382589,60,46.81,-100.78,4.0,11.8
438,0,GL,1583382589,50,60.72,-46.03,-14.0,1.5
439,99,CN,1583382589,22,39.74,98.52,1.81,1.96
440,6,IT,1583382589,93,42.35,14.4,7.78,2.6
441,49,RU,1583382590,81,62.55,155.55,-14.47,5.47
442,100,RU,1583382346,92,61.28,108.01,-9.46,4.12
443,0,AR,1583382590,82,-31.42,-64.5,23.89,2.6
444,0,ZA,1583382590,68,-32.18,26.82,15.93,1.0
445,90,CA,1583382590,88,44.08,-80.2,1.11,4.1
446,0,SO,1583382590,89,8.41,48.48,17.0,3.22
447,0,NE,1583382590,10,18.69,12.92,20.22,4.61
448,100,CN,1583382591,79,22.81,115.83,17.78,5.91
449,0,NZ,1583382557,44,-43.53,172.63,16.11,8.2
450,52,AR,1583382591,30,-31.54,-68.54,28.79,3.69
451,90,CA,1583382591,100,51.15,-100.05,-4.0,5.7
452,40,US,1583382591,64,39.45,-86.18,5.56,2.6
453,27,CD,1583382591,74,-0.22,20.87,23.87,1.12
454,75,RU,1583382591,93,52.59,34.28,4.0,4.0
455,100,RU,1583382591,93,52.92,87.99,-6.33,3.32
456,40,CA,1583382592,83,60.82,-115.8,-23.0,3.39
457,98,DZ,1583382592,71,36.8,4.27,16.66,2.64
458,0,GB,1583382592,92,53.69,-2.25,2.0,2.6
459,100,SB,1583382592,71,-8.1,156.84,28.68,3.34
460,18,RU,1583382592,69,59.24,163.07,-13.55,0.68
461,90,US,1583382592,81,34.88,-76.9,12.0,4.6
462,90,US,1583382592,58,44.67,-90.17,0.0,2.1
463,90,CA,1583382593,100,49.87,-99.36,-3.0,9.8
464,0,IL,1583382593,87,31.61,34.76,15.0,0.5
465,1,ZA,1583382593,87,-31.67,18.5,17.39,1.8
466,79,RU,1583382593,90,62.14,117.63,-12.74,1.98
467,100,ID,1583382593,85,0.54,123.06,28.27,1.62
468,100,RU,1583382593,94,54.43,31.9,6.32,6.0
469,90,GB,1583382350,100,51.59,-3.0,5.56,6.7
470,99,NZ,1583382594,100,-35.17,173.17,21.11,0.89
471,75,JP,1583382594,59,35.55,133.23,8.0,7.2
472,64,RU,1583382594,98,65.7,82.47,-19.06,3.17
473,87,IN,1583382594,75,8.08,77.57,27.6,3.78
474,100,PH,1583382594,73,5.4,125.46,28.32,2.26
475,100,PG,1583382594,69,-3.67,152.43,29.69,4.9
476,20,JP,1583382594,39,32.68,130.67,11.0,3.1
477,90,RU,1583382595,76,69.3,139.9,-19.04,1.28
478,0,IN,1583382595,37,26.57,88.82,23.62,2.99
479,12,SB,1583382595,76,-10.45,161.92,29.06,0.29
480,76,MG,1583382596,95,-17.83,48.42,16.29,1.92
481,100,RU,1583382596,71,51.5,156.52,-2.69,2.13
482,90,RO,1583382596,87,43.95,28.63,8.0,1.5
483,16,RU,1583382596,95,52.9,50.95,-3.72,1.26
484,0,NC,1583382596,72,-21.55,167.88,28.22,5.37
485,1,CA,1583382417,78,49.75,-77.63,-8.0,2.1
486,1,US,1583382402,41,26.19,-97.7,21.11,3.1
487,75,US,1583382597,73,20.89,-156.47,25.0,4.1
488,53,IT,1583382597,85,44.46,7.09,4.44,3.37
489,0,CF,1583382351,19,8.08,22.4,20.34,1.77
490,49,SA,1583382618,50,17.49,44.13,14.0,1.55
491,1,US,1583382618,54,34.77,-92.3,12.22,1.5
492,68,MV,1583382618,70,6.62,73.07,28.34,2.68
493,1,US,1583382522,44,47.5,-120.5,4.44,1.39
494,100,ID,1583382619,70,-8.43,114.33,29.64,5.37
495,13,CD,1583382619,90,-7.0,23.45,21.36,0.68
496,90,MX,1583382619,73,20.7,-105.2,23.0,1.5
497,45,RU,1583382619,73,50.61,105.32,-3.71,1.5
498,1,US,1583382473,60,36.19,-94.13,7.78,1.16
499,53,BR,1583382619,97,-1.83,-65.37,22.99,1.28
500,0,MA,1583382619,43,29.58,-9.5,15.93,0.51
501,40,BR,1583382620,78,-15.86,-38.88,27.0,1.5
502,6,CU,1583382620,87,21.7,-78.63,23.37,1.8
503,100,RU,1583382620,93,56.45,138.17,-13.83,1.34
504,23,BR,1583382620,97,-4.08,-63.14,23.25,0.84
505,81,PK,1583382620,62,28.49,66.26,4.66,2.55
506,100,PE,1583382420,83,-12.04,-77.03,23.0,5.7
507,100,BR,1583382620,95,-5.78,-37.96,23.14,1.83
508,100,RU,1583382621,92,63.01,112.47,-9.12,3.28
509,1,US,1583382621,38,40.97,-117.74,6.11,2.6
510,0,CN,1583382621,28,39.4,121.97,6.0,5.0
511,100,NO,1583382621,86,65.53,13.41,-2.0,4.6
512,100,RS,1583382621,76,42.69,22.17,3.89,1.34
513,100,RU,1583382621,91,60.8,40.09,-4.21,5.31
514,5,MX,1583382621,77,18.73,-103.68,20.0,1.71
515,100,SO,1583382348,87,5.35,48.53,23.79,3.64
516,49,RU,1583382622,93,54.43,50.81,-2.75,2.81
517,100,PE,1583382622,81,-11.1,-77.61,21.85,1.53
518,97,RU,1583382451,94,63.28,118.33,-15.12,2.04
519,85,MG,1583382622,55,-14.27,50.17,28.85,1.97
520,100,ID,1583382622,94,-2.68,111.62,24.84,2.82
521,1,US,1583382622,41,44.25,-116.97,7.78,1.07
522,90,BR,1583382623,100,-20.33,-40.29,23.0,2.1
523,93,PE,1583382623,96,-13.63,-72.88,10.28,1.92
524,15,CG,1583382623,93,1.61,16.05,23.0,1.19
525,90,AU,1583382623,74,-20.73,139.5,27.0,3.1
526,78,CI,1583382623,82,5.14,-5.02,28.89,4.92
527,0,ML,1583382623,18,20.2,1.01,19.96,5.95
528,0,MX,1583382623,84,16.7,-93.73,16.54,0.51
529,0,RU,1583382624,72,42.43,130.64,-0.51,5.87
530,0,AR,1583382489,39,-38.88,-62.07,24.55,6.75
531,100,RU,1583382624,85,62.54,113.96,-12.0,1.0
532,38,PH,1583382624,84,13.78,124.39,26.97,7.4
533,40,NC,1583382624,79,-21.35,165.15,27.14,6.7
534,0,MR,1583382624,10,20.52,-13.05,19.76,2.35
535,9,IN,1583382624,25,28.45,80.58,27.95,3.08
536,0,CO,1583382625,90,3.87,-67.92,23.63,0.6
537,0,AR,1583382614,78,-26.82,-65.22,25.0,2.6
538,97,PG,1583382625,70,-3.14,142.35,29.3,3.99
539,90,CA,1583382625,75,70.47,-68.59,-26.0,7.2
540,0,RU,1583382625,71,61.31,63.33,-8.48,5.65
541,75,AU,1583382626,48,-27.18,151.27,29.44,7.7
542,23,AR,1583382626,71,-51.62,-69.22,12.0,3.6
543,90,RU,1583382538,86,59.78,30.82,5.0,4.0
544,92,NO,1583382626,72,71.04,27.85,-8.0,10.3
545,20,MZ,1583382626,88,-25.96,32.46,21.0,1.5
546,75,ES,1583382626,71,38.83,-2.0,11.0,5.7
547,40,BO,1583382627,88,-17.65,-62.75,24.0,1.5
548,2,CO,1583382627,43,5.49,-70.41,25.85,2.25
549,75,US,1583382409,64,45.02,-93.22,4.0,6.2
550,0,KR,1583382627,31,35.24,129.21,8.0,4.6
551,1,MX,1583382627,50,31.31,-110.94,15.0,2.6
552,32,TD,1583382628,18,13.3,19.7,24.93,3.59
553,0,GT,1583382628,80,15.48,-90.27,19.04,1.77
554,0,ML,1583382628,16,22.68,-3.98,20.38,3.73
555,79,CN,1583382628,54,30.71,111.28,14.09,3.46
556,1,US,1583382628,100,27.25,-82.51,23.33,3.6
557,0,CN,1583382628,74,46.33,132.21,-3.66,4.5
558,90,ES,1583382628,88,28.5,-13.86,18.0,8.2
559,0,IN,1583382629,15,18.32,78.35,33.63,1.3
560,25,RU,1583382629,69,52.98,116.92,-6.08,1.67
561,18,RU,1583382629,73,45.39,47.37,8.65,5.42
562,66,NZ,1583382629,56,-38.92,174.25,21.11,4.92
563,90,AU,1583382629,72,-31.95,141.43,20.0,6.7
564,28,IN,1583382629,44,28.07,95.33,24.28,2.93
565,100,LV,1583382629,96,57.42,25.9,2.78,0.89
566,0,IN,1583382630,46,27.52,88.53,12.32,3.03
